customer_id,Device,GameGenre,session_count,avg_session_length,SpendingSegment,inapp_purchase_amount,days_to_first_purchase,PaymentMethod,last_purchase_date
3697704,Android,,11,26.76,Minnow,,,,
4195504,Android,,4,6.42,Minnow,,,,
4601094,iOS,,10,13.6,Minnow,,,,
8157004,iOS,,7,23.47,Minnow,15.62,13,Apple Pay,2025-05-04
6064504,Android,,10,11.52,Whale,3382.23,24,Apple Pay,2025-02-08
2063504,Android,,6,34.66,Minnow,13.72,0,Apple Pay,2025-06-30
8396304,iOS,,11,33.89,Minnow,4.54,14,Apple Pay,2025-04-11
6026804,iOS,,6,5.82,Dolphin,248.93,23,Apple Pay,2025-05-10
5037204,Android,,9,16.93,Minnow,8.47,30,Apple Pay,2025-04-07
9134404,Android,,17,5.31,Minnow,7.62,6,Apple Pay,2025-07-27
2394404,Android,,10,18.56,Minnow,16.8,0,Carrier Billing,2025-03-31
2350304,iOS,,8,28.96,Minnow,7.04,8,Carrier Billing,2025-06-22
5685404,iOS,,8,11.63,Minnow,18.82,9,Carrier Billing,2025-03-16
4698704,iOS,,8,19.5,Minnow,6.34,25,Carrier Billing,2025-05-26
4458804,Android,,6,28.52,Minnow,2.53,21,Carrier Billing,2025-07-27
4819404,iOS,,14,29.33,Dolphin,496.31,24,Carrier Billing,2025-07-05
5497404,Android,,11,9.21,Minnow,13.58,20,Carrier Billing,2025-07-05
5234194,iOS,,12,18.09,Minnow,16.15,28,Carrier Billing,2025-03-20
8018704,iOS,,9,23.49,Dolphin,42.12,0,Carrier Billing,2025-02-26
3954004,Android,,14,13.34,Minnow,15.26,13,Carrier Billing,2025-01-24
9276094,Android,,13,28.73,Minnow,18.92,15,Credit Card,2025-04-09
6104204,iOS,,4,34.83,Minnow,0.84,7,Credit Card,2025-02-19
1915204,Android,,7,10.57,Minnow,13.21,24,Credit Card,2025-05-04
2569894,iOS,,11,33.06,Minnow,5.78,29,Credit Card,2025-07-14
2094894,iOS,,12,10.7,Minnow,6.03,17,Credit Card,2025-01-15
9055104,Android,,16,12.62,Dolphin,461.6,12,Credit Card,2025-06-27
5885694,Android,,9,25.16,Minnow,1.96,16,Credit Card,2025-02-25
4524094,Android,,9,14.12,Dolphin,321.93,0,Debit Card,2025-07-14
5222104,iOS,,7,25.4,Minnow,2.04,15,Debit Card,2025-04-26
1757704,Android,,18,14.34,Minnow,16.5,18,Debit Card,2025-02-11
8546304,iOS,,10,28.85,Minnow,15.93,3,Debit Card,2025-03-27
4761894,Android,,11,10.75,Minnow,15.99,3,Debit Card,2025-01-10
3863194,Android,,18,33.07,Minnow,6.04,7,Gift Card,2025-01-29
5456194,Android,,13,20.84,Dolphin,176.78,28,Gift Card,2025-05-04
1854004,iOS,,16,7.75,Dolphin,133.68,16,Gift Card,2025-02-28
3716404,iOS,,12,15.69,Minnow,2.72,9,Gift Card,2025-06-28
3945104,Android,,8,9.3,Minnow,15.65,23,Gift Card,2025-04-26
9856504,iOS,,15,5.06,Minnow,19.17,30,Gift Card,2025-04-26
1810504,Android,,10,5.93,Minnow,1.3,11,Gift Card,2025-02-23
7815504,Android,,9,5.65,Minnow,8.21,17,Gift Card,2025-04-25
3570004,Android,,8,10.15,Minnow,7.91,6,Gift Card,2025-04-06
5772504,Android,,8,25.03,Dolphin,108.27,19,Gift Card,2025-01-16
3922804,iOS,,10,29.86,Minnow,18.84,14,Gift Card,2025-05-11
6374504,Android,,7,27.72,Minnow,17.19,4,Gift Card,2025-04-28
9141504,iOS,,7,14.87,Minnow,11.98,17,Google Pay,2025-02-07
5557994,iOS,,15,21.11,Minnow,7.1,21,Google Pay,2025-02-15
5143994,iOS,,9,15.64,Minnow,4.91,11,Google Pay,2025-04-05
3973804,iOS,,8,16.07,Minnow,0.16,26,Google Pay,2025-03-24
2898004,Android,,8,12.62,Minnow,6.66,14,Google Pay,2025-02-09
6105804,iOS,,8,7.65,Minnow,17.28,10,Google Pay,2025-02-28
7283504,Android,,11,26.08,Minnow,10.76,23,Google Pay,2025-02-08
3270004,Android,,16,34.08,Minnow,11.63,9,Google Pay,2025-03-12
7185404,Android,,7,13.62,Minnow,1.1,22,Google Pay,2025-04-11
2007704,iOS,,16,23.7,Minnow,16,19,Google Pay,2025-06-03
3214404,iOS,,15,10.91,Minnow,19.22,15,Paypal,2025-07-11
8387404,iOS,,14,5.55,Minnow,15.62,9,Paypal,2025-02-19
9811704,Android,,9,28.21,Minnow,4.49,19,Paypal,2025-08-02
2515894,iOS,,13,28.59,Minnow,4.02,30,Paypal,2025-07-07
7975904,Android,,14,5.6,Minnow,7.78,2,Paypal,2025-03-30
6550804,iOS,,5,18.31,Dolphin,406.55,27,Paypal,2025-08-10
3126304,iOS,Action RPG,9,15.73,Whale,,,,
6221704,iOS,Action RPG,14,5.26,Minnow,,,,
2288304,iOS,Action RPG,13,17.08,Minnow,,,,
5216404,iOS,Action RPG,14,31.75,Minnow,,,,
7891704,Android,Action RPG,14,15.68,Dolphin,,,,
9405404,Android,Action RPG,5,6.79,Minnow,,,,
5138404,Android,Action RPG,9,16.35,Minnow,,,,
8932804,Android,Action RPG,7,20.59,Minnow,15.98,29,Apple Pay,2025-05-02
7064004,iOS,Action RPG,5,31.54,Minnow,4.17,9,Apple Pay,2025-06-03
4792404,Android,Action RPG,3,18.42,Minnow,11.75,2,Apple Pay,2025-04-22
8247304,iOS,Action RPG,7,16.05,Minnow,17.67,24,Apple Pay,2025-02-19
9468094,iOS,Action RPG,3,31.41,Minnow,7.77,6,Apple Pay,2025-07-04
3200904,iOS,Action RPG,12,11.44,Minnow,14.94,16,Apple Pay,2025-03-08
7396204,Android,Action RPG,11,19.4,Minnow,19.94,24,Apple Pay,2025-02-01
4884404,iOS,Action RPG,9,13.94,Minnow,8.26,1,Apple Pay,2025-03-07
2589894,Android,Action RPG,11,20.45,Dolphin,303.31,23,Apple Pay,2025-05-13
7970794,Android,Action RPG,6,5.76,Minnow,8.74,12,Apple Pay,2025-05-25
9855304,Android,Action RPG,16,14.1,Minnow,1.79,20,Apple Pay,2025-02-24
8217194,Android,Action RPG,7,17.34,Minnow,6.14,22,Apple Pay,2025-08-07
7027304,Android,Action RPG,10,29.72,Minnow,6.9,1,Apple Pay,2025-01-19
4424404,Android,Action RPG,9,34.72,Minnow,19.01,19,Apple Pay,2025-04-19
4504504,Android,Action RPG,14,29.69,Dolphin,244.31,14,Apple Pay,2025-03-08
8990604,iOS,Action RPG,8,28.76,Minnow,16.84,24,Apple Pay,2025-05-21
3872604,iOS,Action RPG,14,22.34,Minnow,15.76,14,Apple Pay,2025-06-27
7503804,iOS,Action RPG,8,5.26,Minnow,9.36,17,Apple Pay,2025-01-06
3718504,Android,Action RPG,9,10.4,Minnow,9.23,20,Apple Pay,2025-06-02
5852304,iOS,Action RPG,13,24.89,Minnow,17.04,19,Apple Pay,2025-04-11
2021704,Android,Action RPG,9,30.4,Minnow,1.16,26,Apple Pay,2025-06-06
2268704,Android,Action RPG,7,7.37,Minnow,0.6,23,Apple Pay,2025-04-30
1898694,iOS,Action RPG,14,34.25,Dolphin,102.11,29,Apple Pay,2025-05-04
9911704,iOS,Action RPG,17,7.51,Minnow,4.31,6,Carrier Billing,2025-03-13
2361204,Android,Action RPG,13,19.2,Minnow,5.09,10,Carrier Billing,2025-07-04
9831504,Android,Action RPG,15,14.24,Minnow,11.67,30,Carrier Billing,2025-08-12
3580894,Android,Action RPG,7,16.38,Minnow,9.09,6,Carrier Billing,2025-07-25
8922104,Android,Action RPG,12,14.57,Minnow,3.08,13,Carrier Billing,2025-07-19
6166194,Android,Action RPG,11,16.66,Minnow,15.72,15,Carrier Billing,2025-01-25
6611094,iOS,Action RPG,7,6.48,Minnow,2.11,26,Carrier Billing,2025-05-21
6983994,Android,Action RPG,13,29.75,Minnow,13.67,29,Carrier Billing,2025-05-27
6534894,iOS,Action RPG,11,26.76,Minnow,5.97,2,Carrier Billing,2025-04-19
5511704,iOS,Action RPG,7,30.69,Minnow,7.81,7,Carrier Billing,2025-02-19
5342004,Android,Action RPG,6,25.74,Minnow,13.55,30,Carrier Billing,2025-05-13
6971504,iOS,Action RPG,5,31.58,Minnow,6.84,8,Carrier Billing,2025-01-13
4004194,Android,Action RPG,10,6.52,Minnow,7.63,14,Carrier Billing,2025-01-29
5459404,,Action RPG,11,26.27,Minnow,8.58,19,Carrier Billing,2025-02-22
4422804,iOS,Action RPG,7,21.51,Dolphin,290.68,21,Carrier Billing,2025-08-12
5207804,iOS,Action RPG,3,16.27,Minnow,10.24,22,Carrier Billing,2025-05-04
8442704,Android,Action RPG,14,13.15,Minnow,3.88,1,Carrier Billing,2025-05-05
3522404,Android,Action RPG,8,20.64,Minnow,2.9,24,Carrier Billing,2025-05-19
9739404,Android,Action RPG,6,16.72,Dolphin,420.32,1,Carrier Billing,2025-04-29
5060804,iOS,Action RPG,6,23.54,Minnow,7.3,16,Carrier Billing,2025-03-11
2843094,Android,Action RPG,12,32.07,Minnow,8.5,9,Carrier Billing,2025-04-16
5424404,,Action RPG,4,30.48,Minnow,19.01,18,Carrier Billing,2025-05-02
2059194,iOS,Action RPG,12,24.95,Minnow,5.2,3,Carrier Billing,2025-05-10
3698504,iOS,Action RPG,13,21.45,Dolphin,109.49,1,Carrier Billing,2025-02-17
6833894,Android,Action RPG,10,29.9,Minnow,11.99,11,Carrier Billing,2025-08-13
8500804,iOS,Action RPG,11,26.48,Minnow,19.99,12,Carrier Billing,2025-03-10
6647004,iOS,Action RPG,11,17.7,Minnow,19.83,17,Carrier Billing,2025-03-27
5236804,iOS,Action RPG,12,18.98,Minnow,19.18,9,Carrier Billing,2025-01-19
9902994,Android,Action RPG,12,11.26,Dolphin,43.18,20,Carrier Billing,2025-02-05
8432704,iOS,Action RPG,13,31.39,Minnow,18.89,21,Carrier Billing,2025-01-30
7932704,Android,Action RPG,12,31.07,Minnow,18.24,15,Carrier Billing,2025-05-05
9186904,Android,Action RPG,13,9.78,Minnow,4,26,Carrier Billing,2025-01-01
8699894,Android,Action RPG,15,20.96,Minnow,4.6,13,Carrier Billing,2025-06-08
5757304,Android,Action RPG,10,25.63,Minnow,5.02,1,Carrier Billing,2025-01-11
3900894,iOS,Action RPG,10,29.3,Minnow,18.15,12,Carrier Billing,2025-03-16
6620604,iOS,Action RPG,11,21.07,Minnow,11.38,13,Carrier Billing,2025-05-24
8481704,Android,Action RPG,6,5.92,Minnow,6.1,5,Carrier Billing,2025-06-30
9323094,iOS,Action RPG,13,27.54,Dolphin,321.48,12,Carrier Billing,2025-02-01
3760104,Android,Action RPG,13,8.41,Whale,1103.54,9,Carrier Billing,2025-04-10
1998994,Android,Action RPG,11,5.35,Minnow,1.37,14,Credit Card,2025-07-13
2885694,Android,Action RPG,9,14.24,Dolphin,474.75,3,Credit Card,2025-02-06
5757994,Android,Action RPG,8,12.83,Minnow,13.8,18,Credit Card,2025-01-01
5044894,Android,Action RPG,12,27.07,Minnow,10.27,20,Credit Card,2025-05-12
8036804,iOS,Action RPG,9,29.22,Minnow,3.39,15,Credit Card,2025-06-28
2129604,Android,Action RPG,9,29.88,Minnow,18.77,6,Credit Card,2025-03-05
4001604,iOS,Action RPG,6,5.35,Minnow,18.11,30,Credit Card,2025-03-18
6506804,iOS,Action RPG,6,16.47,Minnow,7.92,18,Credit Card,2025-08-06
2778704,,Action RPG,4,17.17,Minnow,3.46,23,Credit Card,2025-06-14
9351904,Android,Action RPG,13,21.67,Minnow,18.53,13,Credit Card,2025-06-06
2017804,Android,Action RPG,9,29.63,Minnow,19.35,13,Credit Card,2025-07-04
9473194,Android,Action RPG,9,11.33,Minnow,7.54,16,Credit Card,2025-05-07
4472504,Android,Action RPG,10,25.26,Dolphin,107.57,3,Credit Card,2025-03-13
3284504,Android,Action RPG,12,6.41,Minnow,6.25,18,Credit Card,2025-03-30
8867804,Android,Action RPG,17,11.48,Minnow,3.32,26,Credit Card,2025-05-05
4495504,iOS,Action RPG,7,32.27,Minnow,4.92,4,Credit Card,2025-02-10
5445894,Android,Action RPG,7,24.27,Dolphin,333.89,17,Credit Card,2025-07-22
9454904,iOS,Action RPG,9,23.48,Minnow,2.81,27,Credit Card,2025-05-12
8235194,iOS,Action RPG,10,32.6,Minnow,14.61,25,Credit Card,2025-06-17
8669104,iOS,Action RPG,11,8.07,Dolphin,490.63,5,Debit Card,2025-06-22
3025694,iOS,Action RPG,11,14.23,Minnow,5.94,11,Debit Card,2025-02-21
2449404,Android,Action RPG,12,14.9,Minnow,19.04,17,Debit Card,2025-05-22
5554804,Android,Action RPG,14,22.97,Minnow,7.57,14,Debit Card,2025-01-27
2881704,Android,Action RPG,10,19.3,Minnow,19.76,1,Debit Card,2025-07-09
4180404,Android,Action RPG,6,23.27,Minnow,13.01,26,Debit Card,2025-02-14
9039704,Android,Action RPG,7,17.58,Minnow,17.64,8,Debit Card,2025-03-31
5271504,iOS,Action RPG,5,18.2,Minnow,18.88,18,Debit Card,2025-01-16
4847004,iOS,Action RPG,5,24.53,Minnow,0.16,12,Debit Card,2025-08-10
9321194,Android,Action RPG,10,19.23,Minnow,9.31,16,Debit Card,2025-02-02
5934894,iOS,Action RPG,15,21.19,Minnow,19.28,30,Debit Card,2025-01-03
6262894,Android,Action RPG,13,25.01,Minnow,6.63,1,Debit Card,2025-06-28
6019994,iOS,Action RPG,10,13.77,Minnow,14.6,11,Debit Card,2025-07-07
3292404,iOS,Action RPG,9,6.93,Minnow,16.87,30,Debit Card,2025-07-16
9073704,Android,Action RPG,9,5.79,Minnow,14.7,3,Debit Card,2025-07-13
6214404,iOS,Action RPG,9,21.17,Minnow,13.29,23,Debit Card,2025-07-03
3119404,Android,Action RPG,14,16.09,Minnow,12.37,11,Debit Card,2025-04-24
6412504,iOS,Action RPG,7,17.78,Minnow,12.19,25,Debit Card,2025-04-30
8892304,Android,Action RPG,9,15.88,Minnow,3.2,7,Debit Card,2025-05-10
6770304,Android,Action RPG,12,12.04,Minnow,11.66,20,Debit Card,2025-01-10
7480404,Android,Action RPG,10,20.06,Minnow,14.13,22,Debit Card,2025-03-06
5709994,Android,Action RPG,3,8.65,Dolphin,72.5,25,Debit Card,2025-03-29
2572894,iOS,Action RPG,15,15.58,Minnow,9.78,5,Debit Card,2025-05-16
3721094,iOS,Action RPG,13,18.04,Minnow,2.68,18,Debit Card,2025-03-12
1992894,Android,Action RPG,9,12.59,Minnow,14.98,23,Debit Card,2025-02-16
9045204,iOS,Action RPG,11,27.34,Minnow,18.76,27,Debit Card,2025-02-24
7218004,Android,Action RPG,9,25.31,Minnow,2.83,2,Debit Card,2025-04-11
3513804,Android,Action RPG,7,12.68,Minnow,0.4,1,Debit Card,2025-08-03
4581504,Android,Action RPG,8,9.53,Minnow,8.33,4,Debit Card,2025-01-16
8172794,Android,Action RPG,8,15.01,Minnow,17.86,21,Debit Card,2025-05-07
9409704,Android,Action RPG,5,12.63,Minnow,0.39,8,Debit Card,2025-07-05
5451904,iOS,Action RPG,8,11.77,Minnow,8.64,16,Debit Card,2025-07-11
4207194,Android,Action RPG,7,23.76,Minnow,11.28,25,Debit Card,2025-04-04
5364304,iOS,Action RPG,11,19.39,Minnow,6.37,18,Debit Card,2025-06-08
4269894,iOS,Action RPG,9,16.73,Minnow,14.83,5,Gift Card,2025-05-22
7656204,iOS,Action RPG,12,18.78,Minnow,7.42,3,Gift Card,2025-05-31
3319004,Android,Action RPG,9,26.95,Minnow,4.02,5,Gift Card,2025-07-14
9174504,,Action RPG,13,10.45,Whale,874.91,27,Gift Card,2025-03-04
8569404,iOS,Action RPG,10,16.96,Minnow,3.49,24,Gift Card,2025-06-06
3733794,iOS,Action RPG,7,16.04,Dolphin,34.68,21,Gift Card,2025-07-08
2316304,Android,Action RPG,7,24.36,Minnow,9.21,14,Gift Card,2025-02-20
3405304,Android,Action RPG,11,10.94,Minnow,5.86,0,Gift Card,2025-05-31
2404504,Android,Action RPG,7,34.2,Minnow,9.56,7,Gift Card,2025-08-01
6043404,Android,Action RPG,9,24.28,Minnow,0.9,10,Gift Card,2025-02-19
4347304,Android,Action RPG,11,26.2,Minnow,12.8,5,Gift Card,2025-03-22
6538804,Android,Action RPG,7,6.08,Minnow,9.26,21,Gift Card,2025-08-02
2850304,Android,Action RPG,12,9.24,Minnow,17.82,27,Gift Card,2025-04-22
6929894,Android,Action RPG,11,33.76,Dolphin,160.94,12,Gift Card,2025-03-07
1801904,Android,Action RPG,11,21.23,Dolphin,358.32,0,Gift Card,2025-08-09
3967404,iOS,Action RPG,11,19.81,Minnow,9.09,6,Gift Card,2025-01-16
3677404,Android,Action RPG,8,28.72,Minnow,19.13,0,Gift Card,2025-01-26
3140194,Android,Action RPG,13,18.43,Whale,2814.37,22,Gift Card,2025-02-05
6007704,iOS,Action RPG,6,10.03,Dolphin,194.89,22,Gift Card,2025-07-16
2853404,iOS,Action RPG,10,21.68,Minnow,3.26,10,Gift Card,2025-06-20
6811804,Android,Action RPG,10,13.72,Minnow,0.87,19,Gift Card,2025-04-12
8815894,Android,Action RPG,11,11.68,Minnow,3.65,18,Gift Card,2025-04-16
6342704,Android,Action RPG,11,34.65,Minnow,11.14,27,Google Pay,2025-06-26
4285504,Android,Action RPG,13,32.97,Minnow,15.5,13,Google Pay,2025-05-04
9018004,Android,Action RPG,8,30.63,Minnow,2.25,18,Google Pay,2025-06-19
7276094,Android,Action RPG,15,8.38,Minnow,11.72,1,Google Pay,2025-01-26
1939094,Android,Action RPG,10,20.38,Dolphin,391,26,Google Pay,2025-08-07
9247304,iOS,Action RPG,18,20.21,Minnow,4.77,4,Google Pay,2025-03-01
6245104,Android,Action RPG,8,18.01,Minnow,5.38,3,Google Pay,2025-05-16
3135404,iOS,Action RPG,14,24.73,Minnow,18.06,1,Google Pay,2025-06-19
1801604,iOS,Action RPG,13,11.82,Minnow,5.46,0,Google Pay,2025-04-30
7237894,Android,Action RPG,13,16.42,Minnow,4.54,27,Google Pay,2025-03-16
4897194,iOS,Action RPG,13,15.92,Minnow,15.4,24,Google Pay,2025-07-15
3020804,Android,Action RPG,8,10.4,Minnow,8.02,25,Google Pay,2025-07-30
2555194,iOS,Action RPG,8,31.85,Minnow,17.75,20,Google Pay,2025-06-20
3193204,Android,Action RPG,15,25.67,Minnow,13.34,20,Google Pay,2025-01-02
4788704,iOS,Action RPG,6,29.69,Minnow,4.48,10,Google Pay,2025-04-02
2119194,Android,Action RPG,7,23.41,Minnow,0.19,18,Google Pay,2025-03-20
3319994,Android,Action RPG,11,33.57,Minnow,14.58,0,Google Pay,2025-08-10
7516304,,Action RPG,8,22.1,Minnow,2.69,11,Paypal,2025-06-29
3688704,iOS,Action RPG,10,22.52,Minnow,9.12,4,Paypal,2025-07-22
2733794,Android,Action RPG,9,14.92,Dolphin,129.62,5,Paypal,2025-01-15
8886104,Android,Action RPG,12,17.97,Minnow,10.96,22,Paypal,2025-01-30
5501604,iOS,Action RPG,13,18.02,Minnow,15.32,27,Paypal,2025-04-10
8017894,iOS,Action RPG,10,18.42,Minnow,8.97,19,Paypal,2025-05-24
2587404,iOS,Action RPG,11,28.65,Minnow,9.5,21,Paypal,2025-03-11
7012404,iOS,Action RPG,11,6.73,Minnow,3.14,2,Paypal,2025-02-24
4224804,Android,Action RPG,9,11.22,Minnow,4.52,12,Paypal,2025-07-19
3685694,iOS,Action RPG,11,11.15,Minnow,15.56,30,Paypal,2025-07-20
6366194,Android,Action RPG,10,21.82,Minnow,11.52,1,Paypal,2025-04-08
8410894,Android,Action RPG,8,31.2,Minnow,10.21,17,Paypal,2025-07-22
5446804,iOS,Action RPG,16,25.55,Minnow,19.56,10,Paypal,2025-06-14
9131304,Android,Action RPG,11,25.91,Minnow,3.12,27,Paypal,2025-03-13
7888704,Android,Action RPG,11,14.84,Minnow,0.27,29,Paypal,2025-04-02
2764004,Android,Action RPG,12,30.39,Minnow,1.07,29,Paypal,2025-08-07
7377604,iOS,Action RPG,12,27.58,Minnow,10.35,27,Paypal,2025-03-01
4899604,iOS,Action RPG,9,18.86,Minnow,13.23,26,Paypal,2025-06-24
5819994,iOS,Action RPG,12,27.57,Minnow,9.97,26,Paypal,2025-01-16
2221504,Android,Action RPG,9,6.88,Dolphin,116.62,6,Paypal,2025-07-18
5551104,Android,Action RPG,10,29.97,Dolphin,242.29,12,Paypal,2025-08-03
6415194,Android,Action RPG,10,30.82,Minnow,10.37,22,Paypal,2025-07-10
8714894,iOS,Action RPG,4,22.95,Dolphin,93.21,15,Paypal,2025-05-02
4141504,Android,Action RPG,6,18.25,Minnow,3.58,26,Paypal,2025-05-19
8051904,,Action RPG,11,22.2,Minnow,14.55,4,Paypal,2025-02-14
8231104,Android,Action RPG,10,20.95,Dolphin,190.27,25,Paypal,2025-04-07
7585404,iOS,Action RPG,8,10.28,Minnow,16.78,27,Paypal,2025-06-08
2433804,iOS,Action RPG,6,33.22,Minnow,2.92,29,Paypal,2025-05-23
7549404,Android,Action RPG,7,24.67,Minnow,9.43,19,Paypal,2025-02-02
2738404,iOS,Action RPG,11,16.94,Minnow,18.7,11,Paypal,2025-04-01
8762504,iOS,Adventure,9,30.56,Minnow,,,,
3732304,iOS,Adventure,12,30.23,Minnow,,,,
7699194,iOS,Adventure,15,34.45,Dolphin,,,,
8789894,iOS,Adventure,12,13.56,Minnow,,,,
2719894,Android,Adventure,11,27.78,Dolphin,,,,
4933904,iOS,Adventure,3,25.96,Minnow,,,,
2449894,Android,Adventure,12,16.14,Dolphin,,,,
2927804,iOS,Adventure,14,24.7,Minnow,,,,
5572604,Android,Adventure,8,28.69,Minnow,5.14,16,Apple Pay,2025-05-13
6019004,iOS,Adventure,8,31.26,Minnow,6.13,2,Apple Pay,2025-05-01
6581404,Android,Adventure,5,12.11,Minnow,9.12,13,Apple Pay,2025-03-14
4670404,Android,Adventure,10,27.94,Dolphin,358.94,5,Apple Pay,2025-02-02
4917894,iOS,Adventure,7,9.45,Minnow,5.11,28,Apple Pay,2025-04-21
3810304,iOS,Adventure,8,22.03,Minnow,14.27,15,Apple Pay,2025-02-16
7742094,iOS,Adventure,11,22.8,Minnow,14.4,15,Apple Pay,2025-04-29
8816804,Android,Adventure,8,15.16,Minnow,10.71,26,Apple Pay,2025-04-20
6864504,Android,Adventure,15,30.21,Minnow,15.88,28,Apple Pay,2025-02-20
2355104,Android,Adventure,10,25.55,Minnow,4.98,12,Apple Pay,2025-01-24
3370994,iOS,Adventure,6,22.33,Minnow,10.58,6,Apple Pay,2025-04-30
9549004,Android,Adventure,10,24.58,Minnow,11.38,29,Apple Pay,2025-06-14
9071904,Android,Adventure,9,8.71,Minnow,9.46,26,Apple Pay,2025-01-12
3562504,iOS,Adventure,5,19.49,Minnow,1.6,0,Apple Pay,2025-07-26
6869894,Android,Adventure,10,30.96,Minnow,6.21,22,Apple Pay,2025-01-21
7002804,iOS,Adventure,8,15.77,Minnow,4.14,2,Apple Pay,2025-03-31
9252194,Android,Adventure,13,19.03,Minnow,13.02,11,Apple Pay,2025-08-10
4174804,iOS,Adventure,10,23.91,Minnow,0.68,16,Apple Pay,2025-04-24
9290094,iOS,Adventure,10,19.82,Minnow,2.9,28,Apple Pay,2025-06-21
4596404,iOS,Adventure,13,15.55,Minnow,16.98,9,Apple Pay,2025-04-14
9459894,iOS,Adventure,14,16.58,Minnow,17.49,15,Apple Pay,2025-05-10
6037194,Android,Adventure,14,19.16,Dolphin,251.63,14,Carrier Billing,2025-03-05
3917904,iOS,Adventure,11,25.53,Minnow,12.41,16,Carrier Billing,2025-07-16
8125804,iOS,Adventure,9,19.45,Minnow,14.77,14,Carrier Billing,2025-07-25
5602404,iOS,Adventure,8,6.9,Dolphin,285.1,19,Carrier Billing,2025-05-18
3532094,Android,Adventure,6,5.32,Minnow,5.89,23,Carrier Billing,2025-01-27
3557704,iOS,Adventure,8,14.04,Minnow,19.3,14,Carrier Billing,2025-05-21
2659404,Android,Adventure,9,29.08,Minnow,8.95,27,Carrier Billing,2025-08-02
8658094,Android,Adventure,14,20.37,Minnow,0.54,5,Carrier Billing,2025-07-06
8126304,Android,Adventure,17,25.91,Minnow,0.13,22,Carrier Billing,2025-07-25
4258304,Android,Adventure,7,7.59,Dolphin,67.67,14,Carrier Billing,2025-06-17
5267704,iOS,Adventure,9,30.24,Minnow,1.62,20,Carrier Billing,2025-04-28
6318004,Android,Adventure,10,12.95,Dolphin,40.94,29,Carrier Billing,2025-01-06
3300804,Android,Adventure,10,28.54,Minnow,4.11,30,Carrier Billing,2025-07-06
5391704,Android,Adventure,13,29.37,Dolphin,267.46,21,Carrier Billing,2025-03-29
2656404,Android,Adventure,11,12.88,Minnow,6.04,15,Carrier Billing,2025-03-03
2340804,iOS,Adventure,7,16.92,Minnow,12.89,0,Carrier Billing,2025-03-19
8098694,Android,Adventure,15,18.61,Minnow,6.5,1,Carrier Billing,2025-06-03
2813994,Android,Adventure,7,6.86,Dolphin,457.3,9,Carrier Billing,2025-06-13
6654504,iOS,Adventure,12,12.13,Minnow,3.8,28,Carrier Billing,2025-06-11
5612894,iOS,Adventure,13,27.16,Minnow,10.75,12,Carrier Billing,2025-07-04
7056904,iOS,Adventure,7,26.56,Minnow,4.92,2,Carrier Billing,2025-06-17
8266504,iOS,Adventure,9,14.38,Minnow,3.82,5,Carrier Billing,2025-06-08
2736404,Android,Adventure,7,17.68,Minnow,8.95,14,Carrier Billing,2025-01-04
2303994,iOS,Adventure,10,32.68,Dolphin,318.73,19,Carrier Billing,2025-05-13
8289404,Android,Adventure,8,18.79,Minnow,8.82,21,Carrier Billing,2025-06-04
8590604,iOS,Adventure,13,13.92,Dolphin,370.64,30,Carrier Billing,2025-04-17
3540804,iOS,Adventure,12,33.21,Minnow,19.91,21,Credit Card,2025-06-05
6000404,iOS,Adventure,7,29.08,Minnow,10.96,7,Credit Card,2025-05-19
4037904,Android,Adventure,10,24.89,Minnow,5.38,21,Credit Card,2025-06-18
8251894,Android,Adventure,11,22.46,Dolphin,405.15,2,Credit Card,2025-02-21
3033504,Android,Adventure,17,26.46,Minnow,6.77,9,Credit Card,2025-01-31
2013404,Android,Adventure,12,27.0,Dolphin,232.88,14,Credit Card,2025-08-06
6751894,Android,Adventure,13,31.02,Dolphin,350.41,10,Credit Card,2025-01-16
3405894,Android,Adventure,7,9.94,Minnow,9.93,2,Credit Card,2025-05-08
3049404,Android,Adventure,9,27.06,Dolphin,214.66,4,Credit Card,2025-03-18
1875504,Android,Adventure,12,8.55,Minnow,16.65,9,Credit Card,2025-01-25
7615194,iOS,Adventure,13,12.63,Minnow,8.07,15,Credit Card,2025-03-08
5115804,iOS,Adventure,10,10.09,Dolphin,94.34,28,Credit Card,2025-06-05
3401604,iOS,Adventure,14,27.94,Dolphin,478.26,13,Credit Card,2025-05-30
9559104,Android,Adventure,8,12.35,Minnow,4.63,18,Credit Card,2025-08-08
2758894,iOS,Adventure,8,18.29,Minnow,18.52,3,Credit Card,2025-02-17
7433094,Android,Adventure,9,13.15,Minnow,16.12,18,Credit Card,2025-05-26
1647804,Android,Adventure,10,28.48,Minnow,13.78,5,Credit Card,2025-01-18
7134404,Android,Adventure,11,30.7,Dolphin,489.74,16,Credit Card,2025-04-02
1873194,iOS,Adventure,9,17.67,Minnow,5.88,19,Credit Card,2025-08-12
8067304,Android,Adventure,10,24.27,Minnow,11.68,0,Credit Card,2025-07-08
5869004,Android,Adventure,16,18.02,Minnow,19.06,24,Credit Card,2025-04-30
4496804,iOS,Adventure,10,8.14,Minnow,1.07,25,Credit Card,2025-06-09
5369004,iOS,Adventure,8,26.39,Minnow,17.3,7,Debit Card,2025-02-07
7634204,iOS,Adventure,10,9.84,Minnow,4.07,19,Debit Card,2025-04-27
5194804,Android,Adventure,8,30.44,Dolphin,265.97,17,Debit Card,2025-02-19
7255794,Android,Adventure,16,9.31,Dolphin,310.59,1,Debit Card,2025-05-05
8573704,iOS,Adventure,11,31.66,Minnow,5.89,18,Debit Card,2025-06-28
8721504,Android,Adventure,8,18.08,Minnow,11.91,23,Debit Card,2025-07-23
3313804,Android,Adventure,9,6.99,Minnow,16.24,15,Debit Card,2025-03-04
2658094,Android,Adventure,10,15.22,Minnow,11.17,11,Debit Card,2025-05-18
6837904,Android,Adventure,10,24.31,Whale,4930.28,11,Debit Card,2025-04-15
7809004,iOS,Adventure,14,31.12,Minnow,19.98,9,Debit Card,2025-07-13
2409704,iOS,Adventure,9,22.3,Minnow,7.06,23,Debit Card,2025-06-19
6134604,Android,Adventure,10,33.12,Minnow,13.06,27,Debit Card,2025-08-10
4375694,iOS,Adventure,5,32.2,Minnow,8.88,28,Debit Card,2025-05-20
9216304,Android,Adventure,11,20.98,Minnow,15.13,15,Debit Card,2025-07-24
2704304,iOS,Adventure,9,8.67,Minnow,11.74,5,Debit Card,2025-04-20
9302404,iOS,Adventure,6,6.07,Minnow,18.5,26,Debit Card,2025-05-01
8272504,iOS,Adventure,6,5.8,Minnow,10.7,15,Debit Card,2025-05-12
3810504,iOS,Adventure,8,13.11,Minnow,12.66,7,Debit Card,2025-01-09
4785194,Android,Adventure,8,23.77,Minnow,1.74,1,Debit Card,2025-08-05
7933094,Android,Adventure,10,26.58,Minnow,0.92,11,Debit Card,2025-05-26
4923604,Android,Adventure,8,26.65,Minnow,15.39,23,Debit Card,2025-05-20
5331104,iOS,Adventure,6,25.43,Minnow,8.27,19,Debit Card,2025-02-28
9456194,Android,Adventure,5,20.35,Minnow,0.51,4,Debit Card,2025-02-04
9593504,Android,Adventure,11,9.23,Minnow,2.55,23,Debit Card,2025-07-26
2397004,Android,Adventure,11,32.44,Minnow,1.6,8,Debit Card,2025-08-04
5043794,iOS,Adventure,9,14.29,Dolphin,255.92,28,Debit Card,2025-07-11
5430504,iOS,Adventure,11,18.75,Dolphin,280.23,12,Gift Card,2025-02-06
4975404,Android,Adventure,7,29.19,Minnow,16.18,30,Gift Card,2025-02-21
4954804,iOS,Adventure,7,27.82,Minnow,2.25,10,Gift Card,2025-07-24
5655304,iOS,Adventure,10,24.82,Dolphin,313.7,28,Gift Card,2025-06-10
6221304,iOS,Adventure,6,14.39,Minnow,0.32,5,Gift Card,2025-03-10
3883904,Android,Adventure,11,13.84,Minnow,4.42,11,Gift Card,2025-01-23
7252904,Android,Adventure,11,22.21,Minnow,15.41,18,Gift Card,2025-04-14
1942094,Android,Adventure,8,33.44,Minnow,10.07,9,Gift Card,2025-05-31
5742704,iOS,Adventure,6,33.14,Minnow,13.72,9,Gift Card,2025-03-17
6796604,Android,Adventure,8,18.92,Dolphin,385.96,26,Gift Card,2025-07-24
3945404,Android,Adventure,12,24.5,Dolphin,174.79,14,Gift Card,2025-08-03
8707894,iOS,Adventure,14,9.19,Dolphin,27.26,20,Gift Card,2025-06-04
7897004,iOS,Adventure,8,17.02,Minnow,2.28,22,Gift Card,2025-03-04
6363504,iOS,Adventure,12,13.91,Dolphin,471.78,7,Gift Card,2025-04-14
8030504,Android,Adventure,17,33.15,Minnow,0.92,1,Gift Card,2025-03-26
7461904,Android,Adventure,6,27.69,Minnow,1.18,26,Gift Card,2025-02-23
8198704,Android,Adventure,15,21.2,Minnow,12.55,28,Gift Card,2025-06-05
9609404,,Adventure,10,8.34,Minnow,12.56,27,Gift Card,2025-04-20
8644004,iOS,Adventure,18,21.81,Dolphin,253.65,7,Gift Card,2025-07-30
2477194,Android,Adventure,9,34.95,Dolphin,59.62,10,Gift Card,2025-05-06
8950994,iOS,Adventure,12,27.15,Minnow,19.56,26,Gift Card,2025-03-16
9983204,Android,Adventure,6,6.75,Dolphin,69.61,10,Gift Card,2025-04-08
9301604,Android,Adventure,11,8.51,Minnow,10.62,29,Google Pay,2025-04-28
3292994,iOS,Adventure,11,8.89,Dolphin,338.9,21,Google Pay,2025-02-16
3519304,iOS,Adventure,12,24.52,Dolphin,231.12,21,Google Pay,2025-02-19
1889894,Android,Adventure,18,27.31,Minnow,18.36,1,Google Pay,2025-02-20
4917304,Android,Adventure,13,32.44,Minnow,9.97,27,Google Pay,2025-02-27
4517704,iOS,Adventure,7,9.97,Dolphin,187.61,3,Google Pay,2025-03-09
2663304,Android,Adventure,10,5.28,Minnow,18.73,12,Google Pay,2025-02-12
5497304,Android,Adventure,16,15.82,Minnow,17,21,Google Pay,2025-03-31
3249404,Android,Adventure,13,6.88,Minnow,19.79,22,Google Pay,2025-04-21
8331404,iOS,Adventure,13,16.48,Dolphin,326.92,21,Google Pay,2025-04-10
1872604,Android,Adventure,13,19.59,Minnow,1.57,6,Google Pay,2025-05-10
7830804,iOS,Adventure,9,11.39,Minnow,3.47,11,Google Pay,2025-01-19
6854904,Android,Adventure,13,10.42,Dolphin,69.42,30,Google Pay,2025-01-08
4585404,Android,Adventure,11,30.42,Minnow,11.76,23,Google Pay,2025-06-22
8219404,iOS,Adventure,10,25.55,Minnow,3.1,28,Google Pay,2025-02-21
9457004,iOS,Adventure,11,24.97,Minnow,3.57,30,Google Pay,2025-06-06
6815204,iOS,Adventure,14,26.77,Minnow,8.04,30,Google Pay,2025-04-20
9994804,Android,Adventure,17,13.26,Minnow,3.05,8,Google Pay,2025-03-01
9119004,iOS,Adventure,11,26.69,Minnow,1.04,21,Google Pay,2025-08-09
2455304,Android,Adventure,8,17.77,Minnow,9.86,27,Google Pay,2025-02-12
6338004,Android,Adventure,6,12.7,Minnow,14.6,2,Google Pay,2025-02-13
1724794,Android,Adventure,15,31.56,Minnow,7.19,13,Google Pay,2025-01-29
5795404,Android,Adventure,11,30.5,Minnow,1.66,8,Google Pay,2025-06-07
5151804,Android,Adventure,2,13.63,Minnow,7.91,15,Google Pay,2025-04-13
5402504,Android,Adventure,8,23.42,Dolphin,468.05,24,Paypal,2025-04-03
4736804,iOS,Adventure,7,7.63,Minnow,17.94,2,Paypal,2025-04-20
4430804,Android,Adventure,6,24.36,Minnow,1.36,1,Paypal,2025-03-16
5286304,iOS,Adventure,10,33.09,Minnow,15.15,6,Paypal,2025-01-17
3374804,,Adventure,11,20.09,Minnow,6.07,10,Paypal,2025-03-29
8705804,iOS,Adventure,9,17.11,Minnow,15.14,18,Paypal,2025-02-09
5462804,iOS,Adventure,6,22.29,Minnow,10.82,23,Paypal,2025-08-02
3909994,Android,Adventure,12,34.52,Minnow,15.39,18,Paypal,2025-04-26
3698004,Android,Adventure,12,26.76,Minnow,3.07,11,Paypal,2025-04-03
1724404,iOS,Adventure,12,10.69,Minnow,14.4,4,Paypal,2025-02-22
4506804,Android,Adventure,12,18.69,Dolphin,248.46,26,Paypal,2025-07-20
5027704,Android,Adventure,12,32.92,Minnow,5.63,29,Paypal,2025-03-29
9041904,Android,Adventure,10,24.72,Minnow,2.12,28,Paypal,2025-02-21
8511704,Android,Adventure,9,6.74,Minnow,14.83,3,Paypal,2025-03-10
7663004,iOS,Adventure,15,12.32,Minnow,5.05,20,Paypal,2025-06-27
3594404,iOS,Adventure,13,17.55,Minnow,0.57,17,Paypal,2025-04-16
8389804,iOS,Adventure,9,34.23,Minnow,6.8,5,Paypal,2025-06-09
3604504,Android,Adventure,10,31.95,Dolphin,204.18,28,Paypal,2025-03-01
6495704,Android,Adventure,11,21.53,Minnow,14.17,23,Paypal,2025-05-09
8330804,iOS,Adventure,3,28.16,Minnow,19.32,20,Paypal,2025-07-12
2824894,iOS,Adventure,12,19.64,Minnow,5.98,12,Paypal,2025-01-15
3074304,Android,Battle Royale,7,29.93,Dolphin,,,,
3194804,iOS,Battle Royale,10,24.35,Minnow,,,,
6259794,iOS,Battle Royale,9,11.2,Minnow,,,,
9720504,iOS,Battle Royale,9,30.67,Minnow,,,,
3496904,iOS,Battle Royale,8,27.59,Minnow,,,,
4734404,iOS,Battle Royale,7,32.97,Minnow,,,,
5345104,Android,Battle Royale,8,27.75,Minnow,,,,
7676904,iOS,Battle Royale,5,10.19,Minnow,,,,
1795694,iOS,Battle Royale,7,11.47,Minnow,,,,
2041904,Android,Battle Royale,11,33.4,Minnow,,,,
7334604,iOS,Battle Royale,8,25.51,Minnow,17.84,1,Apple Pay,2025-06-23
5153304,Android,Battle Royale,13,24.06,Minnow,7.21,3,Apple Pay,2025-05-04
2357704,iOS,Battle Royale,13,20.36,Minnow,4.19,27,Apple Pay,2025-07-09
1673704,Android,Battle Royale,13,21.45,Minnow,6.45,17,Apple Pay,2025-01-14
5818194,Android,Battle Royale,15,9.27,Minnow,1.2,28,Apple Pay,2025-06-04
6375894,iOS,Battle Royale,10,31.19,Minnow,11.58,5,Apple Pay,2025-01-24
7067694,Android,Battle Royale,12,28.27,Dolphin,283.48,8,Apple Pay,2025-04-21
4774804,iOS,Battle Royale,8,25.06,Dolphin,75.29,8,Apple Pay,2025-06-29
2776894,iOS,Battle Royale,11,26.57,Minnow,5.52,26,Apple Pay,2025-04-06
7029504,Android,Battle Royale,8,26.96,Minnow,19.42,25,Apple Pay,2025-05-14
6037894,iOS,Battle Royale,7,29.83,Minnow,7.44,19,Apple Pay,2025-07-20
3176194,iOS,Battle Royale,12,14.03,Dolphin,82.96,8,Apple Pay,2025-01-19
3846194,Android,Battle Royale,10,23.48,Minnow,8.02,22,Apple Pay,2025-04-25
3355404,iOS,Battle Royale,15,7.37,Minnow,12.71,26,Apple Pay,2025-02-08
3934094,Android,Battle Royale,11,33.99,Minnow,1.92,28,Apple Pay,2025-04-28
5633504,Android,Battle Royale,9,31.29,Minnow,2.68,9,Apple Pay,2025-04-19
6445104,Android,Battle Royale,10,10.9,Dolphin,352.43,8,Apple Pay,2025-04-28
4742894,Android,Battle Royale,10,27.34,Minnow,18.39,19,Apple Pay,2025-05-08
8585304,Android,Battle Royale,17,10.26,Minnow,0.22,14,Apple Pay,2025-06-07
7005404,Android,Battle Royale,18,34.12,Minnow,2.61,8,Apple Pay,2025-05-05
8144894,Android,Battle Royale,9,12.83,Minnow,11.4,28,Apple Pay,2025-03-19
9337804,iOS,Battle Royale,10,34.9,Dolphin,117.73,11,Apple Pay,2025-04-02
6573194,Android,Battle Royale,9,17.64,Minnow,15.96,18,Apple Pay,2025-05-07
3756904,Android,Battle Royale,11,32.04,Minnow,0.4,23,Carrier Billing,2025-04-08
3819304,iOS,Battle Royale,10,32.06,Minnow,8.63,5,Carrier Billing,2025-07-04
7958604,iOS,Battle Royale,10,23.9,Dolphin,68.24,7,Carrier Billing,2025-04-23
8199794,iOS,Battle Royale,5,10.01,Minnow,13.34,27,Carrier Billing,2025-02-11
7891194,iOS,Battle Royale,8,10.85,Minnow,0.64,2,Carrier Billing,2025-04-03
9819004,iOS,Battle Royale,4,5.27,Minnow,3.97,8,Carrier Billing,2025-01-10
5749004,Android,Battle Royale,9,29.15,Minnow,7.34,30,Carrier Billing,2025-03-07
6986904,Android,Battle Royale,8,18.35,Minnow,12.37,17,Carrier Billing,2025-05-06
5562504,Android,Battle Royale,13,21.03,Minnow,2.22,0,Carrier Billing,2025-08-05
6565894,iOS,Battle Royale,13,26.36,Dolphin,219.29,15,Carrier Billing,2025-07-18
3169404,Android,Battle Royale,7,32.35,Minnow,16.4,4,Carrier Billing,2025-02-14
5065894,iOS,Battle Royale,12,8.91,Minnow,15.07,29,Carrier Billing,2025-02-11
4136804,Android,Battle Royale,8,29.38,Minnow,2.03,17,Carrier Billing,2025-06-29
3418404,Android,Battle Royale,13,25.31,Minnow,3.46,19,Carrier Billing,2025-06-06
4799304,Android,Battle Royale,12,20.58,Minnow,11.18,22,Carrier Billing,2025-06-12
6613604,iOS,Battle Royale,12,21.09,Minnow,10.18,15,Carrier Billing,2025-03-30
6616194,iOS,Battle Royale,9,26.5,Minnow,13.84,2,Carrier Billing,2025-07-24
2602404,Android,Battle Royale,13,23.45,Dolphin,323.71,14,Carrier Billing,2025-08-11
4502804,Android,Battle Royale,8,12.28,Minnow,5.81,10,Carrier Billing,2025-01-05
1663704,iOS,Battle Royale,6,15.7,Minnow,5.95,18,Carrier Billing,2025-01-25
6632804,iOS,Battle Royale,10,11.84,Minnow,10.82,16,Carrier Billing,2025-02-16
6821304,Android,Battle Royale,10,31.38,Minnow,14.05,10,Carrier Billing,2025-07-05
6040504,Android,Battle Royale,11,32.07,Dolphin,227.98,27,Credit Card,2025-01-05
5408804,Android,Battle Royale,10,17.87,Minnow,11.74,7,Credit Card,2025-02-25
6975504,Android,Battle Royale,11,29.16,Minnow,8.31,10,Credit Card,2025-05-01
4012704,iOS,Battle Royale,9,27.74,Minnow,5.52,18,Credit Card,2025-05-02
4355104,iOS,Battle Royale,11,15.09,Minnow,15.14,18,Credit Card,2025-02-11
4153894,iOS,Battle Royale,5,33.12,Minnow,4.55,0,Credit Card,2025-06-30
3198404,iOS,Battle Royale,6,7.68,Minnow,6.5,26,Credit Card,2025-06-21
8612194,Android,Battle Royale,11,10.28,Minnow,8.43,20,Credit Card,2025-01-06
5047804,Android,Battle Royale,14,14.41,Minnow,12.29,7,Credit Card,2025-01-04
2935404,Android,Battle Royale,9,33.76,Whale,2499.02,14,Credit Card,2025-03-14
8765894,Android,Battle Royale,8,10.19,Minnow,1.87,8,Credit Card,2025-02-12
2829194,iOS,Battle Royale,10,33.51,Minnow,17.79,3,Credit Card,2025-07-23
7446104,iOS,Battle Royale,11,30.24,Minnow,17.94,25,Credit Card,2025-06-08
2584504,iOS,Battle Royale,9,6.45,Minnow,12.81,11,Credit Card,2025-06-19
6524804,Android,Battle Royale,8,15.11,Minnow,13.89,27,Credit Card,2025-01-20
6446204,iOS,Battle Royale,9,12.36,Minnow,8.09,18,Credit Card,2025-07-11
7766504,iOS,Battle Royale,12,24.99,Minnow,7.75,30,Credit Card,2025-08-11
2683804,Android,Battle Royale,17,13.56,Minnow,16.72,12,Debit Card,2025-01-03
3324504,iOS,Battle Royale,6,13.42,Minnow,9.11,21,Debit Card,2025-08-03
5626194,iOS,Battle Royale,8,15.47,Dolphin,145.14,29,Debit Card,2025-03-15
3645304,Android,Battle Royale,5,23.2,Minnow,7.49,20,Debit Card,2025-01-06
7851004,Android,Battle Royale,11,23.65,Minnow,9.23,12,Debit Card,2025-01-07
9923504,Android,Battle Royale,5,13.96,Minnow,17.12,15,Debit Card,2025-04-22
5602194,iOS,Battle Royale,5,8.02,Minnow,9.23,1,Debit Card,2025-04-03
8646504,iOS,Battle Royale,15,20.71,Minnow,8.2,11,Debit Card,2025-06-15
9555894,Android,Battle Royale,11,10.93,Dolphin,389.06,11,Debit Card,2025-06-04
4482804,Android,Battle Royale,10,33.79,Minnow,6.26,16,Debit Card,2025-02-12
6982404,Android,Battle Royale,17,10.92,Dolphin,483.85,10,Debit Card,2025-04-17
3487404,Android,Battle Royale,11,11.48,Minnow,17.44,12,Debit Card,2025-01-04
2646504,Android,Battle Royale,11,29.52,Minnow,16.82,30,Debit Card,2025-05-06
5310894,iOS,Battle Royale,12,9.75,Whale,4102.62,8,Debit Card,2025-07-25
2836404,Android,Battle Royale,4,22.87,Minnow,14.95,10,Debit Card,2025-08-09
8131304,Android,Battle Royale,6,30.08,Minnow,4.14,20,Debit Card,2025-05-27
7061504,iOS,Battle Royale,10,31.08,Minnow,9.73,2,Debit Card,2025-04-29
6150804,,Battle Royale,13,28.84,Minnow,9.17,18,Debit Card,2025-07-27
4921304,Android,Battle Royale,11,26.36,Minnow,18.81,12,Debit Card,2025-04-13
2712804,Android,Battle Royale,9,14.8,Minnow,10.04,22,Debit Card,2025-01-26
7121804,Android,Battle Royale,6,23.74,Minnow,15.17,3,Debit Card,2025-05-11
4092804,Android,Battle Royale,7,34.62,Whale,1681.8,15,Debit Card,2025-02-28
1877004,Android,Battle Royale,11,6.61,Minnow,7.1,6,Debit Card,2025-07-23
2466094,Android,Battle Royale,13,33.43,Minnow,3.42,13,Debit Card,2025-03-30
6179894,Android,Battle Royale,5,13.84,Minnow,12.8,20,Debit Card,2025-06-01
5325304,Android,Battle Royale,8,17.86,Minnow,14.02,27,Debit Card,2025-07-19
2502704,iOS,Battle Royale,12,22.52,Minnow,7.22,18,Debit Card,2025-01-30
9554304,iOS,Battle Royale,10,17.82,Minnow,2.39,22,Gift Card,2025-07-04
5334604,Android,Battle Royale,5,15.67,Minnow,13.31,7,Gift Card,2025-04-04
3057994,Android,Battle Royale,16,19.49,Minnow,10.24,2,Gift Card,2025-06-29
2455894,Android,Battle Royale,12,13.09,Minnow,16.46,4,Gift Card,2025-06-28
8742804,Android,Battle Royale,11,18.33,Minnow,9.93,10,Gift Card,2025-01-02
7768504,Android,Battle Royale,14,11.75,Whale,1852.48,21,Gift Card,2025-07-07
1722404,Android,Battle Royale,9,20.3,Minnow,7.22,8,Gift Card,2025-06-09
3950094,iOS,Battle Royale,9,24.6,Minnow,5.16,4,Gift Card,2025-01-09
7934894,Android,Battle Royale,9,34.83,Minnow,4.55,13,Gift Card,2025-07-29
2159194,iOS,Battle Royale,10,26.15,Minnow,7.28,21,Gift Card,2025-04-03
4493604,iOS,Battle Royale,14,22.87,Minnow,16.68,20,Gift Card,2025-04-12
2683194,iOS,Battle Royale,11,8.95,Minnow,7.68,29,Gift Card,2025-08-12
7809194,Android,Battle Royale,10,27.07,Minnow,4.91,13,Gift Card,2025-02-10
9030504,Android,Battle Royale,5,31.22,Minnow,18.73,16,Gift Card,2025-07-14
6468704,iOS,Battle Royale,11,8.18,Minnow,14.6,25,Gift Card,2025-01-14
7432604,Android,Battle Royale,13,30.25,Dolphin,397.09,26,Gift Card,2025-02-26
4949894,iOS,Battle Royale,13,26.11,Dolphin,487.96,13,Gift Card,2025-03-28
1902504,iOS,Battle Royale,8,34.37,Minnow,13.6,13,Gift Card,2025-06-21
6097194,Android,Battle Royale,15,20.58,Dolphin,165.58,19,Gift Card,2025-06-19
6759004,iOS,Battle Royale,8,11.23,Minnow,16.32,6,Gift Card,2025-04-12
9563504,iOS,Battle Royale,13,7.13,Minnow,4.05,22,Gift Card,2025-06-13
7706404,Android,Battle Royale,10,6.78,Minnow,2.66,2,Gift Card,2025-05-21
9581704,Android,Battle Royale,10,12.16,Minnow,5.57,4,Gift Card,2025-06-23
1846004,iOS,Battle Royale,10,12.09,Minnow,12.28,11,Gift Card,2025-04-15
8571104,,Battle Royale,9,13.19,Minnow,12.46,19,Gift Card,2025-02-28
4711094,Android,Battle Royale,10,11.51,Minnow,19.35,26,Gift Card,2025-08-06
1883004,iOS,Battle Royale,10,9.7,Minnow,10.31,16,Gift Card,2025-01-07
6315894,iOS,Battle Royale,7,23.46,Minnow,15.85,11,Gift Card,2025-07-10
8045304,iOS,Battle Royale,10,25.76,Minnow,2.38,16,Gift Card,2025-06-26
9622704,Android,Battle Royale,6,32.75,Minnow,6.15,24,Google Pay,2025-08-10
3657204,Android,Battle Royale,11,34.18,Minnow,13.08,24,Google Pay,2025-04-30
6745304,Android,Battle Royale,10,24.81,Minnow,0.73,2,Google Pay,2025-07-03
3538704,Android,Battle Royale,10,5.46,Minnow,2.56,11,Google Pay,2025-03-04
2767704,iOS,Battle Royale,18,16.36,Minnow,7.76,19,Google Pay,2025-02-03
1947794,Android,Battle Royale,12,7.9,Minnow,5.12,18,Google Pay,2025-02-28
4954304,Android,Battle Royale,7,33.67,Minnow,12.49,20,Google Pay,2025-06-25
6657004,Android,Battle Royale,10,33.81,Minnow,14.62,24,Google Pay,2025-02-05
6670304,iOS,Battle Royale,13,16.71,Dolphin,50.92,22,Google Pay,2025-05-03
4270904,Android,Battle Royale,2,15.99,Minnow,15.45,26,Google Pay,2025-07-17
4121704,,Battle Royale,8,10.34,Minnow,2.74,20,Google Pay,2025-01-02
6458094,iOS,Battle Royale,14,18.16,Minnow,5.19,24,Google Pay,2025-06-23
2745794,Android,Battle Royale,8,13.3,Minnow,14.73,25,Google Pay,2025-07-12
2319004,iOS,Battle Royale,8,21.39,Minnow,13.99,15,Google Pay,2025-08-11
2093504,iOS,Battle Royale,5,13.89,Minnow,16.24,10,Google Pay,2025-04-17
8355304,iOS,Battle Royale,9,21.19,Minnow,8.01,0,Google Pay,2025-06-12
6906194,Android,Battle Royale,8,10.32,Minnow,1.23,24,Google Pay,2025-06-24
5726304,Android,Battle Royale,11,20.49,Minnow,12.21,5,Google Pay,2025-02-03
5785704,iOS,Battle Royale,17,29.52,Minnow,6.15,23,Google Pay,2025-05-27
9672904,iOS,Battle Royale,10,7.87,Minnow,16.14,19,Google Pay,2025-02-22
3824404,Android,Battle Royale,11,23.47,Dolphin,429.7,22,Google Pay,2025-05-07
3268504,Android,Battle Royale,9,27.3,Minnow,16.35,20,Google Pay,2025-05-27
9619504,iOS,Battle Royale,14,9.08,Minnow,12.68,24,Google Pay,2025-07-22
6768504,iOS,Battle Royale,12,12.26,Minnow,2.55,28,Google Pay,2025-07-20
7453004,Android,Battle Royale,7,26.84,Minnow,10.53,28,Google Pay,2025-05-05
7416804,iOS,Battle Royale,8,25.91,Dolphin,41.02,7,Google Pay,2025-02-10
8556194,Android,Battle Royale,10,31.43,Minnow,1.92,15,Google Pay,2025-06-26
5948804,iOS,Battle Royale,6,28.02,Minnow,4.28,29,Google Pay,2025-01-28
9295794,iOS,Battle Royale,15,29.0,Whale,3256.73,28,Google Pay,2025-03-26
9395694,Android,Battle Royale,9,22.04,Minnow,0.55,26,Google Pay,2025-07-09
6171504,iOS,Battle Royale,11,12.56,Whale,2366.76,12,Google Pay,2025-06-03
7386304,Android,Battle Royale,5,7.26,Minnow,5.91,16,Google Pay,2025-03-27
9370804,iOS,Battle Royale,11,7.54,Minnow,17.21,7,Google Pay,2025-08-01
5911804,iOS,Battle Royale,8,15.13,Dolphin,369.68,16,Paypal,2025-02-28
5563004,Android,Battle Royale,10,27.01,Minnow,16.3,7,Paypal,2025-06-10
4180004,Android,Battle Royale,5,20.22,Minnow,19.1,6,Paypal,2025-06-22
4203994,iOS,Battle Royale,8,31.99,Minnow,18.03,12,Paypal,2025-04-29
6907704,Android,Battle Royale,10,15.23,Minnow,10.86,15,Paypal,2025-05-05
8772604,iOS,Battle Royale,9,26.89,Dolphin,24.05,2,Paypal,2025-03-17
3646204,iOS,Battle Royale,6,28.17,Minnow,12.07,0,Paypal,2025-01-03
4380004,iOS,Battle Royale,7,31.33,Minnow,9.91,20,Paypal,2025-03-16
4059304,Android,Battle Royale,6,28.38,Minnow,17.52,27,Paypal,2025-03-05
6421304,Android,Battle Royale,15,28.92,Dolphin,283.25,15,Paypal,2025-01-13
3883994,Android,Battle Royale,14,30.01,Minnow,8.1,2,Paypal,2025-01-09
9340794,iOS,Battle Royale,12,22.91,Minnow,0.09,22,Paypal,2025-05-26
9209404,Android,Battle Royale,5,11.67,Minnow,12.42,6,Paypal,2025-07-22
5322404,iOS,Battle Royale,14,33.36,Minnow,11.09,13,Paypal,2025-03-07
5929504,Android,Battle Royale,18,12.6,Minnow,12.27,13,Paypal,2025-02-04
6585404,iOS,Battle Royale,8,10.76,Minnow,13.54,0,Paypal,2025-02-15
5940704,Android,Battle Royale,9,17.02,Minnow,1.57,17,Paypal,2025-05-10
9651904,Android,Battle Royale,6,21.63,Minnow,2.9,26,Paypal,2025-03-21
3851804,iOS,Battle Royale,13,34.74,Minnow,2.14,24,Paypal,2025-06-27
1660304,iOS,Battle Royale,13,33.82,Dolphin,129.25,27,Paypal,2025-06-29
9641804,Android,Battle Royale,9,30.55,Minnow,17.62,0,Paypal,2025-07-23
8574894,Android,Battle Royale,10,29.16,Minnow,12.01,13,Paypal,2025-02-23
6424094,iOS,Battle Royale,8,14.91,Whale,4931.98,22,Paypal,2025-07-15
4647704,iOS,Battle Royale,12,9.02,Minnow,8.65,2,Paypal,2025-07-29
5947404,Android,Battle Royale,18,32.28,Minnow,15.9,19,Paypal,2025-07-07
9146404,Android,Battle Royale,8,17.89,Dolphin,444.51,13,Paypal,2025-03-07
9334404,Android,Battle Royale,10,18.93,Minnow,8.45,1,Paypal,2025-04-15
5736404,iOS,Battle Royale,9,30.98,Dolphin,322.88,11,Paypal,2025-07-14
9560904,,Card,11,29.2,Minnow,,,,
7784504,Android,Card,10,29.46,Minnow,,,,
7573404,iOS,Card,12,28.25,Minnow,,,,
2962504,iOS,Card,3,26.11,Minnow,,,,
4224604,Android,Card,11,12.78,Minnow,,,,
8268504,Android,Card,12,7.65,Minnow,,,,
6078704,Android,Card,9,11.01,Minnow,,,,
8750804,Android,Card,9,29.39,Minnow,14.52,1,Apple Pay,2025-01-18
6667704,Android,Card,13,5.3,Minnow,11.8,28,Apple Pay,2025-04-26
2969404,Android,Card,10,11.49,Minnow,15,9,Apple Pay,2025-02-02
5933894,iOS,Card,11,21.95,Minnow,13.05,14,Apple Pay,2025-02-17
9967804,iOS,Card,6,17.85,Minnow,13.47,27,Apple Pay,2025-06-14
1950704,iOS,Card,10,9.43,Minnow,18.58,2,Apple Pay,2025-03-13
8860994,Android,Card,9,32.86,Minnow,9.17,19,Apple Pay,2025-01-06
7591704,iOS,Card,5,13.35,Minnow,4.61,13,Apple Pay,2025-07-22
8650094,Android,Card,8,11.97,Dolphin,445.63,11,Apple Pay,2025-02-10
6856104,Android,Card,16,26.79,Minnow,13.84,23,Apple Pay,2025-06-16
6266504,iOS,Card,14,11.15,Minnow,9.63,19,Apple Pay,2025-03-25
3887194,Android,Card,10,20.79,Minnow,3.94,23,Apple Pay,2025-04-28
6235304,Android,Card,9,30.64,Minnow,1.27,23,Apple Pay,2025-07-19
5715804,iOS,Card,8,31.5,Minnow,16.07,30,Apple Pay,2025-07-17
2333504,Android,Card,10,16.3,Minnow,4.21,30,Apple Pay,2025-02-27
5670004,Android,Card,10,17.66,Minnow,7.24,27,Apple Pay,2025-01-18
7997194,iOS,Card,11,26.68,Minnow,10.93,24,Apple Pay,2025-03-16
8896704,iOS,Card,4,16.43,Minnow,19.82,10,Apple Pay,2025-07-05
2264804,Android,Card,10,30.14,Minnow,10.4,18,Apple Pay,2025-02-15
6013404,Android,Card,12,21.81,Minnow,15.44,26,Apple Pay,2025-02-20
7430194,iOS,Card,14,11.61,Minnow,15.99,10,Apple Pay,2025-04-22
9574504,Android,Card,8,22.81,Minnow,0.08,3,Apple Pay,2025-01-10
6174304,Android,Card,6,25.06,Minnow,1.83,24,Apple Pay,2025-04-05
6138404,Android,Card,8,14.72,Minnow,14.13,25,Apple Pay,2025-06-05
6736404,iOS,Card,4,11.43,Minnow,12.57,18,Apple Pay,2025-04-01
9982994,Android,Card,10,6.17,Minnow,15.88,7,Apple Pay,2025-05-03
5764504,Android,Card,12,6.22,Minnow,14.25,13,Apple Pay,2025-07-04
5152994,Android,Card,12,13.71,Minnow,3.44,0,Apple Pay,2025-03-04
9142804,iOS,Card,10,16.69,Dolphin,21.27,3,Apple Pay,2025-06-25
7789404,Android,Card,7,12.31,Minnow,10.64,18,Apple Pay,2025-06-01
3090804,iOS,Card,12,27.92,Minnow,19.67,11,Carrier Billing,2025-03-05
8236304,iOS,Card,12,26.29,Minnow,1.15,9,Carrier Billing,2025-07-20
4281804,Android,Card,9,34.73,Minnow,3.88,17,Carrier Billing,2025-05-27
4612304,iOS,Card,12,8.53,Minnow,6.25,27,Carrier Billing,2025-04-05
5582004,iOS,Card,13,8.23,Dolphin,429.29,28,Carrier Billing,2025-03-31
2150604,Android,Card,6,32.71,Minnow,9.19,18,Carrier Billing,2025-05-21
8129804,Android,Card,13,13.88,Minnow,3.46,15,Carrier Billing,2025-02-10
6498694,Android,Card,10,20.85,Minnow,19.66,11,Carrier Billing,2025-07-08
2184304,Android,Card,9,30.36,Minnow,13.68,13,Carrier Billing,2025-05-22
9334794,Android,Card,10,22.7,Minnow,12.12,5,Carrier Billing,2025-06-23
6696704,Android,Card,9,32.83,Dolphin,373.93,29,Carrier Billing,2025-03-07
9193404,Android,Card,10,7.03,Whale,2610.89,29,Carrier Billing,2025-03-15
9676894,Android,Card,7,12.51,Minnow,16.57,10,Carrier Billing,2025-05-03
7017904,Android,Card,15,15.56,Minnow,10.11,29,Carrier Billing,2025-04-11
9388304,iOS,Card,6,8.07,Minnow,9.16,4,Carrier Billing,2025-06-24
8504504,Android,Card,8,27.81,Dolphin,214.51,16,Carrier Billing,2025-04-29
2832704,iOS,Card,12,31.4,Minnow,11.07,9,Carrier Billing,2025-07-15
6877604,iOS,Card,13,21.77,Minnow,4.95,12,Carrier Billing,2025-06-16
2409994,iOS,Card,11,24.36,Minnow,0.81,30,Carrier Billing,2025-03-02
8555894,Android,Card,14,16.71,Minnow,6.79,28,Carrier Billing,2025-03-24
3846004,Android,Card,14,23.55,Minnow,14.6,18,Carrier Billing,2025-06-18
7234894,Android,Card,11,28.31,Minnow,10.03,6,Carrier Billing,2025-02-27
2280904,Android,Card,10,11.55,Minnow,1.05,3,Carrier Billing,2025-05-27
6825894,Android,Card,13,6.63,Minnow,2.68,23,Carrier Billing,2025-01-10
1708404,Android,Card,11,21.93,Minnow,5.79,28,Carrier Billing,2025-08-08
6481704,Android,Card,7,34.62,Minnow,13.66,1,Carrier Billing,2025-05-15
3105504,Android,Card,10,24.83,Minnow,5.61,18,Carrier Billing,2025-02-11
3737794,Android,Card,15,32.62,Dolphin,116.24,24,Carrier Billing,2025-03-15
4553504,Android,Card,5,9.14,Minnow,17.6,26,Carrier Billing,2025-06-10
3727704,Android,Card,13,27.42,Minnow,11.98,0,Carrier Billing,2025-03-14
9332804,iOS,Card,11,34.85,Minnow,0.33,19,Carrier Billing,2025-07-01
5657994,Android,Card,8,20.17,Dolphin,227.23,28,Carrier Billing,2025-07-20
7627904,Android,Card,10,31.07,Whale,3742.35,25,Carrier Billing,2025-06-15
6897104,Android,Card,12,20.62,Minnow,10.33,25,Credit Card,2025-05-10
5463704,iOS,Card,8,17.94,Minnow,11.71,2,Credit Card,2025-01-08
9159804,iOS,Card,9,18.24,Minnow,5.38,29,Credit Card,2025-01-19
6909004,Android,Card,9,16.76,Minnow,16.86,8,Credit Card,2025-02-17
6464504,Android,Card,17,29.75,Minnow,2.12,9,Credit Card,2025-08-02
6055194,Android,Card,9,28.14,Minnow,17.2,0,Credit Card,2025-05-10
1783804,Android,Card,12,30.18,Dolphin,139.34,26,Credit Card,2025-01-15
8016804,iOS,Card,9,19.8,Minnow,5,27,Credit Card,2025-02-12
3190604,iOS,Card,10,14.29,Minnow,2.22,21,Credit Card,2025-02-07
2236904,Android,Card,13,29.96,Minnow,3.97,14,Credit Card,2025-04-23
8977404,iOS,Card,9,28.94,Minnow,0.11,27,Credit Card,2025-02-04
2622904,Android,Card,16,9.83,Minnow,6.25,3,Credit Card,2025-07-15
7633504,iOS,Card,11,34.45,Dolphin,346.19,9,Credit Card,2025-01-31
9204104,Android,Card,15,34.24,Minnow,15.32,25,Credit Card,2025-04-24
2957994,iOS,Card,8,30.3,Minnow,9.75,10,Credit Card,2025-05-12
7961894,Android,Card,12,22.89,Minnow,10.27,17,Credit Card,2025-04-27
2775704,Android,Card,11,14.98,Minnow,3.07,11,Credit Card,2025-04-27
6758404,iOS,Card,6,34.43,Minnow,17.14,21,Credit Card,2025-07-10
4811604,iOS,Card,13,21.06,Minnow,1.56,27,Credit Card,2025-03-17
3649404,iOS,Card,10,26.2,Minnow,15.44,16,Credit Card,2025-04-21
2796404,Android,Card,11,15.73,Minnow,11.98,29,Credit Card,2025-07-08
3351894,iOS,Card,9,18.17,Minnow,9.5,21,Credit Card,2025-07-16
6193994,Android,Card,15,16.9,Minnow,12.32,8,Credit Card,2025-02-24
4560104,iOS,Card,5,11.96,Minnow,8.49,13,Credit Card,2025-03-29
8362604,Android,Card,11,27.41,Minnow,15.33,21,Credit Card,2025-01-06
7652894,Android,Card,6,5.23,Minnow,9.96,25,Credit Card,2025-06-27
7021094,Android,Card,8,25.57,Minnow,16.18,2,Debit Card,2025-04-22
3773904,Android,Card,12,25.93,Minnow,10.68,2,Debit Card,2025-07-01
4766194,Android,Card,14,31.51,Minnow,12.83,19,Debit Card,2025-03-25
3545404,Android,Card,8,27.0,Minnow,14.16,22,Debit Card,2025-08-01
4789894,iOS,Card,10,16.15,Minnow,17.35,2,Debit Card,2025-05-09
6693204,iOS,Card,12,21.04,Minnow,12.26,17,Debit Card,2025-07-24
5721794,iOS,Card,11,20.21,Minnow,10.33,19,Debit Card,2025-07-01
8661194,Android,Card,9,14.3,Dolphin,24.55,11,Debit Card,2025-04-28
9190004,iOS,Card,8,24.58,Minnow,9.37,3,Debit Card,2025-05-18
5799194,iOS,Card,9,19.83,Minnow,18.09,24,Debit Card,2025-07-25
6497194,Android,Card,13,34.93,Minnow,16.78,9,Debit Card,2025-06-09
5403794,Android,Card,16,13.99,Dolphin,145.68,17,Debit Card,2025-02-04
7129804,Android,Card,9,30.37,Minnow,19.79,25,Debit Card,2025-02-26
5884504,Android,Card,2,8.37,Minnow,11.21,4,Debit Card,2025-06-05
2875194,Android,Card,10,10.47,Minnow,7.82,16,Debit Card,2025-06-15
2195694,iOS,Card,14,20.65,Minnow,4.26,8,Debit Card,2025-05-14
6955304,Android,Card,11,14.17,Minnow,17.79,20,Debit Card,2025-03-14
2254904,Android,Card,22,28.93,Dolphin,243.65,12,Debit Card,2025-07-21
1807904,iOS,Card,8,7.68,Minnow,12.58,4,Debit Card,2025-04-17
4717904,Android,Card,12,20.99,Minnow,14.87,4,Debit Card,2025-07-17
6072604,Android,Card,11,13.68,Minnow,3.11,13,Debit Card,2025-04-06
4394804,iOS,Card,12,20.54,Minnow,3.41,24,Debit Card,2025-05-11
9805404,Android,Card,7,24.41,Minnow,16.32,0,Gift Card,2025-06-16
5453304,,Card,10,13.65,Dolphin,488.36,7,Gift Card,2025-02-06
4092404,Android,Card,10,9.2,Minnow,12.42,26,Gift Card,2025-07-30
7555204,iOS,Card,13,5.39,Minnow,6.17,11,Gift Card,2025-06-07
9103804,Android,Card,11,26.46,Minnow,14.49,19,Gift Card,2025-04-14
5290604,Android,Card,12,9.31,Minnow,5.33,20,Gift Card,2025-01-27
5790094,Android,Card,12,18.17,Minnow,13.14,10,Gift Card,2025-07-06
1738804,Android,Card,9,20.17,Minnow,8.83,24,Gift Card,2025-07-03
8350804,Android,Card,10,29.14,Minnow,11,7,Gift Card,2025-08-13
6195694,iOS,Card,11,23.97,Minnow,18.4,15,Gift Card,2025-07-04
1982994,Android,Card,8,16.01,Minnow,13.63,20,Gift Card,2025-06-07
5846204,Android,Card,12,15.34,Minnow,8.79,13,Gift Card,2025-06-07
5457004,iOS,Card,11,15.03,Minnow,3.49,26,Gift Card,2025-02-23
5486404,iOS,Card,8,33.94,Minnow,13.62,15,Gift Card,2025-06-20
2811094,Android,Card,15,20.54,Minnow,16.69,24,Gift Card,2025-01-25
1733804,iOS,Card,5,33.58,Minnow,16.64,11,Gift Card,2025-07-24
8442604,,Card,10,27.86,Minnow,4.43,8,Gift Card,2025-05-03
2324704,Android,Card,14,16.0,Minnow,15.55,15,Gift Card,2025-01-24
8005404,Android,Card,4,17.64,Minnow,3.91,25,Gift Card,2025-04-01
4423804,Android,Card,9,6.86,Minnow,18.56,21,Gift Card,2025-08-13
8701604,Android,Card,10,25.49,Dolphin,190.1,26,Gift Card,2025-03-09
3024604,iOS,Card,16,8.44,Minnow,18.94,13,Gift Card,2025-06-09
7989794,Android,Card,13,17.16,Minnow,15.07,19,Gift Card,2025-04-21
1824904,iOS,Card,5,16.77,Minnow,7.77,5,Gift Card,2025-04-06
2478504,Android,Card,11,29.64,Minnow,10.49,24,Gift Card,2025-07-20
4962894,iOS,Card,12,29.02,Dolphin,31.48,30,Gift Card,2025-01-02
2726504,Android,Card,12,5.47,Dolphin,217.01,18,Google Pay,2025-04-21
6352904,Android,Card,11,24.97,Minnow,1.74,26,Google Pay,2025-05-07
9515894,Android,Card,13,23.07,Minnow,7.27,27,Google Pay,2025-03-16
3044804,iOS,Card,10,31.14,Minnow,7.71,3,Google Pay,2025-05-07
4267204,iOS,Card,14,22.35,Minnow,13.53,18,Google Pay,2025-02-06
9666194,Android,Card,14,5.72,Minnow,14.08,17,Google Pay,2025-02-23
5169004,iOS,Card,13,16.29,Dolphin,312.71,2,Google Pay,2025-07-15
9946194,Android,Card,13,8.26,Minnow,2.7,24,Google Pay,2025-03-13
8624604,iOS,Card,5,23.29,Minnow,18.88,16,Google Pay,2025-02-07
6309404,Android,Card,8,24.16,Minnow,3.1,2,Google Pay,2025-07-30
9350804,Android,Card,13,31.0,Minnow,6.19,26,Google Pay,2025-08-08
7790404,iOS,Card,5,29.48,Minnow,15.75,2,Google Pay,2025-07-02
2749894,Android,Card,10,13.08,Minnow,14.23,14,Google Pay,2025-02-06
9762894,Android,Card,6,18.41,Minnow,9.4,14,Google Pay,2025-02-18
2547094,Android,Card,13,24.05,Minnow,0.75,0,Google Pay,2025-04-29
4837794,Android,Card,11,23.84,Minnow,2.01,5,Google Pay,2025-02-02
6232704,Android,Card,13,24.32,Minnow,3.2,16,Google Pay,2025-08-08
8553304,Android,Card,6,6.49,Minnow,13.02,18,Google Pay,2025-07-26
1671004,Android,Card,12,32.92,Minnow,0.57,28,Google Pay,2025-05-25
5574804,Android,Card,16,27.12,Minnow,10.52,22,Google Pay,2025-02-15
8455894,Android,Card,11,18.65,Minnow,8.4,13,Google Pay,2025-08-01
3209504,Android,Card,12,27.57,Minnow,19.54,15,Google Pay,2025-07-29
2552604,Android,Card,10,9.07,Minnow,10.6,17,Google Pay,2025-06-27
6269004,iOS,Card,7,21.6,Dolphin,485.2,13,Google Pay,2025-03-23
5846004,Android,Card,11,17.72,Minnow,9.63,26,Google Pay,2025-04-27
5185404,Android,Card,7,20.01,Minnow,0.51,6,Google Pay,2025-06-05
9512704,Android,Card,19,31.63,Minnow,4.81,11,Google Pay,2025-01-09
8064304,iOS,Card,15,18.8,Minnow,13.63,25,Google Pay,2025-06-30
6183404,Android,Card,6,25.93,Dolphin,244.87,5,Google Pay,2025-04-18
7859404,Android,Card,5,27.77,Minnow,18.14,10,Google Pay,2025-07-14
5919404,Android,Card,12,25.21,Minnow,11.1,26,Google Pay,2025-06-23
3619304,Android,Card,11,10.81,Minnow,6.11,26,Google Pay,2025-06-09
6873504,Android,Card,12,27.1,Minnow,2.39,4,Paypal,2025-01-08
8773904,Android,Card,12,26.42,Minnow,4.06,27,Paypal,2025-01-22
7911504,iOS,Card,9,8.53,Minnow,14.93,2,Paypal,2025-05-13
2983404,iOS,Card,11,24.55,Minnow,5.51,10,Paypal,2025-08-09
5324604,Android,Card,14,8.85,Whale,3521.5,24,Paypal,2025-07-12
2741804,Android,Card,13,26.59,Minnow,3.01,2,Paypal,2025-03-22
7621894,Android,Card,5,20.18,Minnow,15.1,19,Paypal,2025-06-12
7830504,Android,Card,10,19.58,Minnow,16.04,1,Paypal,2025-06-13
3058604,iOS,Card,10,27.36,Minnow,6.22,14,Paypal,2025-03-18
5721304,iOS,Card,11,10.51,Minnow,12.64,15,Paypal,2025-01-14
5704204,iOS,Card,9,22.46,Dolphin,53.08,20,Paypal,2025-07-20
7949004,Android,Card,5,30.09,Minnow,13.6,27,Paypal,2025-03-14
8151804,Android,Card,8,12.05,Minnow,5.81,18,Paypal,2025-02-22
9978704,Android,Card,3,26.03,Minnow,18.96,19,Paypal,2025-07-21
5070504,Android,Card,15,17.07,Minnow,7.98,0,Paypal,2025-01-17
3173504,iOS,Card,7,17.45,Minnow,15.01,4,Paypal,2025-03-22
5385404,iOS,Card,9,8.06,Minnow,8.6,30,Paypal,2025-06-03
2801994,iOS,Card,8,24.46,Minnow,10.87,10,Paypal,2025-04-10
9045994,iOS,Card,13,30.8,Minnow,13.67,11,Paypal,2025-03-09
3760994,Android,Card,13,24.51,Minnow,16.93,20,Paypal,2025-03-16
7583994,Android,Card,8,32.37,Minnow,11.57,30,Paypal,2025-04-08
4539194,Android,Card,10,17.8,Minnow,8.01,4,Paypal,2025-07-12
2227704,Android,Card,10,18.77,Minnow,9.56,15,Paypal,2025-08-10
9362504,Android,Card,10,29.77,Minnow,17.79,23,Paypal,2025-06-28
5056194,iOS,Card,13,24.34,Minnow,18.67,16,Paypal,2025-07-01
2596704,iOS,Card,5,6.91,Minnow,1.56,11,Paypal,2025-07-28
9485694,Android,Casual,9,24.84,Minnow,,,,
3248304,iOS,Casual,11,16.7,Minnow,,,,
5671904,Android,Casual,12,30.12,Whale,,,,
4676194,Android,Casual,16,24.1,Whale,,,,
7357404,iOS,Casual,11,31.39,Dolphin,,,,
2252404,Android,Casual,13,8.88,Minnow,,,,
3083704,iOS,Casual,6,26.12,Minnow,,,,
2103994,Android,Casual,7,32.22,Minnow,15.68,20,Apple Pay,2025-03-01
9237404,Android,Casual,9,5.33,Minnow,11.8,14,Apple Pay,2025-04-11
1911304,Android,Casual,7,33.72,Minnow,17.24,23,Apple Pay,2025-01-13
1907894,Android,Casual,10,21.61,Dolphin,85.11,16,Apple Pay,2025-08-02
2701804,iOS,Casual,10,17.08,Minnow,11.76,17,Apple Pay,2025-07-08
8834094,,Casual,11,31.78,Minnow,18.99,1,Apple Pay,2025-07-11
9617894,iOS,Casual,6,26.66,Minnow,18.4,28,Apple Pay,2025-02-02
6900304,Android,Casual,7,9.11,Minnow,12.83,12,Apple Pay,2025-06-04
5895504,,Casual,9,16.41,Minnow,13.89,0,Apple Pay,2025-03-12
5467694,Android,Casual,9,20.55,Minnow,16.61,1,Apple Pay,2025-05-21
5596904,Android,Casual,15,6.64,Minnow,2.19,20,Apple Pay,2025-05-09
9413194,Android,Casual,8,34.69,Minnow,1.48,6,Apple Pay,2025-05-26
9237794,iOS,Casual,9,25.12,Minnow,19.33,18,Apple Pay,2025-04-10
3989704,Android,Casual,9,27.06,Minnow,14.99,9,Apple Pay,2025-05-30
7926804,iOS,Casual,11,15.79,Minnow,14.39,19,Apple Pay,2025-06-02
1923804,Android,Casual,10,17.78,Minnow,6.27,16,Apple Pay,2025-08-06
9086104,Android,Casual,11,17.38,Minnow,8.14,20,Apple Pay,2025-01-23
3833504,Android,Casual,12,34.7,Minnow,19.38,20,Apple Pay,2025-03-28
2549894,iOS,Casual,10,13.37,Minnow,0.31,21,Apple Pay,2025-06-13
4665894,Android,Casual,15,26.39,Minnow,18.28,21,Apple Pay,2025-02-28
7456194,Android,Casual,6,27.59,Minnow,1.74,24,Apple Pay,2025-07-25
6319994,iOS,Casual,9,6.94,Minnow,19.74,14,Apple Pay,2025-06-26
6733894,iOS,Casual,11,27.48,Minnow,11.55,22,Apple Pay,2025-04-12
7991904,,Casual,13,23.76,Minnow,16.98,30,Apple Pay,2025-07-28
9937304,Android,Casual,11,8.91,Minnow,15.71,8,Apple Pay,2025-02-05
5558504,iOS,Casual,6,16.77,Minnow,19.02,22,Apple Pay,2025-07-28
5947304,Android,Casual,10,15.04,Minnow,9.59,26,Apple Pay,2025-04-25
8921904,Android,Casual,13,30.62,Minnow,9.46,13,Apple Pay,2025-03-07
5117704,Android,Casual,6,30.93,Minnow,9.68,28,Apple Pay,2025-05-13
2971004,iOS,Casual,8,21.36,Minnow,3.9,20,Apple Pay,2025-04-24
5746104,iOS,Casual,10,25.71,Minnow,7.73,13,Carrier Billing,2025-02-24
8877404,iOS,Casual,8,29.55,Minnow,17.58,0,Carrier Billing,2025-01-24
4055194,iOS,Casual,7,13.23,Minnow,11.95,27,Carrier Billing,2025-03-01
9756504,Android,Casual,11,11.94,Minnow,19.4,25,Carrier Billing,2025-05-02
2366094,iOS,Casual,10,10.75,Minnow,3.88,12,Carrier Billing,2025-08-11
8920504,iOS,Casual,3,17.28,Whale,2529.12,10,Carrier Billing,2025-07-03
2833894,Android,Casual,11,23.44,Minnow,2.5,13,Carrier Billing,2025-02-27
4451804,iOS,Casual,4,11.31,Minnow,1.43,4,Carrier Billing,2025-04-13
3743804,iOS,Casual,11,11.77,Minnow,17.63,12,Carrier Billing,2025-01-15
3722304,iOS,Casual,9,9.06,Minnow,5.55,17,Carrier Billing,2025-01-30
2027304,Android,Casual,9,7.45,Dolphin,262.11,3,Carrier Billing,2025-01-13
7397004,Android,Casual,12,28.73,Minnow,4.34,24,Carrier Billing,2025-03-09
9241504,Android,Casual,15,6.68,Minnow,0.44,19,Carrier Billing,2025-06-04
9286404,Android,Casual,8,24.68,Minnow,6.77,29,Carrier Billing,2025-04-20
9921104,Android,Casual,12,33.45,Minnow,19.22,7,Carrier Billing,2025-05-19
9618704,iOS,Casual,13,18.23,Dolphin,47.12,26,Carrier Billing,2025-01-12
5307304,,Casual,17,23.68,Dolphin,386.88,28,Carrier Billing,2025-06-08
6912404,Android,Casual,10,12.02,Minnow,9.02,14,Carrier Billing,2025-01-27
5333094,Android,Casual,10,26.67,Minnow,16.08,0,Carrier Billing,2025-05-31
8123194,Android,Casual,8,29.69,Minnow,1.91,13,Carrier Billing,2025-01-01
2779404,Android,Casual,14,18.93,Minnow,7.55,22,Carrier Billing,2025-04-15
5175504,Android,Casual,14,26.94,Minnow,13.08,0,Carrier Billing,2025-06-18
3270994,Android,Casual,12,5.64,Minnow,10.43,3,Carrier Billing,2025-02-25
8701994,iOS,Casual,5,13.62,Minnow,11.85,6,Carrier Billing,2025-08-11
9260794,iOS,Casual,11,9.52,Dolphin,490.8,25,Carrier Billing,2025-04-20
2548404,,Casual,13,34.0,Minnow,8.5,7,Carrier Billing,2025-01-26
4526404,Android,Casual,7,26.96,Minnow,18.67,10,Carrier Billing,2025-03-31
9760304,iOS,Casual,14,15.35,Minnow,13.46,7,Carrier Billing,2025-04-08
7348604,Android,Casual,13,16.6,Minnow,14.77,26,Carrier Billing,2025-08-09
3222804,iOS,Casual,10,16.32,Minnow,12.78,9,Carrier Billing,2025-06-28
3322404,iOS,Casual,14,23.57,Minnow,14.92,1,Credit Card,2025-05-07
5320604,iOS,Casual,12,11.96,Minnow,1.42,5,Credit Card,2025-03-30
7852804,Android,Casual,8,13.02,Minnow,6.2,14,Credit Card,2025-04-25
6215804,Android,Casual,14,5.17,Dolphin,289.37,15,Credit Card,2025-03-02
8430504,Android,Casual,12,28.18,Minnow,18.87,17,Credit Card,2025-07-01
2903404,Android,Casual,6,23.51,Minnow,1.41,12,Credit Card,2025-04-14
2496404,Android,Casual,4,34.37,Minnow,14.8,8,Credit Card,2025-01-20
3069104,Android,Casual,15,18.51,Minnow,16.14,19,Credit Card,2025-01-30
2968004,Android,Casual,6,13.15,Minnow,10.93,25,Credit Card,2025-03-24
3549104,iOS,Casual,8,33.32,Minnow,9.68,5,Credit Card,2025-05-21
9400504,Android,Casual,10,13.79,Minnow,10.09,15,Credit Card,2025-07-29
1683404,Android,Casual,7,15.3,Minnow,19.13,16,Credit Card,2025-02-23
8080004,Android,Casual,12,7.43,Minnow,13.43,0,Credit Card,2025-03-25
7521304,Android,Casual,13,33.91,Minnow,16.03,28,Credit Card,2025-04-19
5801804,iOS,Casual,6,12.26,Minnow,3.78,19,Credit Card,2025-03-23
9095694,Android,Casual,8,18.18,Dolphin,298.05,13,Credit Card,2025-06-28
6235404,Android,Casual,16,13.07,Minnow,14.96,15,Credit Card,2025-08-11
8042094,Android,Casual,9,17.19,Minnow,3.18,8,Credit Card,2025-06-10
4207604,Android,Casual,8,14.41,Minnow,7.88,26,Credit Card,2025-06-07
6391704,Android,Casual,7,14.87,Minnow,17.35,9,Credit Card,2025-04-08
7884904,iOS,Casual,7,26.46,Minnow,10.22,14,Credit Card,2025-08-06
6348504,Android,Casual,10,7.63,Minnow,2.95,8,Credit Card,2025-04-26
5155404,Android,Casual,8,22.8,Minnow,6.53,29,Credit Card,2025-07-16
2171504,Android,Casual,9,26.23,Minnow,0.34,10,Credit Card,2025-01-06
6208004,Android,Casual,12,20.42,Minnow,4.76,29,Credit Card,2025-04-12
5358804,iOS,Casual,11,19.87,Minnow,7.65,26,Credit Card,2025-05-12
6571504,Android,Casual,11,16.27,Minnow,19.95,18,Debit Card,2025-03-02
5424094,Android,Casual,7,32.64,Minnow,19.06,4,Debit Card,2025-01-28
6062404,iOS,Casual,13,16.08,Whale,2363.67,22,Debit Card,2025-01-06
5624804,iOS,Casual,12,7.04,Minnow,7.36,21,Debit Card,2025-07-15
8673194,iOS,Casual,12,30.36,Minnow,15.61,25,Debit Card,2025-02-13
9017304,iOS,Casual,14,14.01,Minnow,11.42,21,Debit Card,2025-03-23
2958804,Android,Casual,14,22.17,Minnow,14.24,0,Debit Card,2025-03-15
6485404,iOS,Casual,4,15.04,Dolphin,238.91,24,Debit Card,2025-01-10
9724404,Android,Casual,14,10.97,Minnow,8.8,20,Debit Card,2025-06-08
9145194,Android,Casual,5,23.52,Minnow,15.27,27,Debit Card,2025-01-05
5232104,Android,Casual,14,30.29,Minnow,1.19,29,Debit Card,2025-01-08
9926804,iOS,Casual,4,11.42,Minnow,1.27,15,Debit Card,2025-07-26
4346194,iOS,Casual,8,15.36,Minnow,17.56,7,Debit Card,2025-08-03
4721904,iOS,Casual,18,27.24,Minnow,13.48,21,Debit Card,2025-06-19
9094404,Android,Casual,9,6.62,Minnow,12.15,24,Debit Card,2025-03-14
2796804,Android,Casual,7,10.61,Minnow,18.97,2,Debit Card,2025-05-22
9721804,iOS,Casual,11,11.91,Minnow,11.87,29,Debit Card,2025-02-06
5285504,Android,Casual,11,6.4,Dolphin,435.02,26,Debit Card,2025-04-12
5153504,Android,Casual,1,34.73,Minnow,8.06,0,Debit Card,2025-07-08
3187194,iOS,Casual,10,18.18,Minnow,13.79,29,Debit Card,2025-01-16
5481794,iOS,Casual,13,29.01,Dolphin,220.11,3,Debit Card,2025-07-21
7619804,Android,Casual,8,5.16,Minnow,6.22,24,Debit Card,2025-05-01
3751904,iOS,Casual,9,33.58,Dolphin,355.73,5,Debit Card,2025-02-27
3957304,Android,Casual,9,32.08,Minnow,11.56,10,Debit Card,2025-03-01
8937704,Android,Casual,13,26.89,Minnow,13.75,8,Debit Card,2025-05-03
5313804,iOS,Casual,5,29.2,Minnow,11.72,29,Gift Card,2025-06-20
3975194,Android,Casual,14,33.86,Minnow,7.98,6,Gift Card,2025-06-18
8680794,iOS,Casual,10,17.27,Minnow,10.4,14,Gift Card,2025-07-12
2085404,Android,Casual,9,13.62,Dolphin,77.44,14,Gift Card,2025-08-13
3081504,Android,Casual,13,27.25,Minnow,6.16,4,Gift Card,2025-05-16
3420904,iOS,Casual,11,29.17,Dolphin,80.85,9,Gift Card,2025-05-31
2856504,Android,Casual,5,9.55,Minnow,16.95,16,Gift Card,2025-06-01
8122404,iOS,Casual,8,13.02,Minnow,16.18,28,Gift Card,2025-04-12
9451894,Android,Casual,13,20.24,Minnow,16.87,7,Gift Card,2025-08-09
2156904,Android,Casual,2,31.24,Minnow,15.88,10,Gift Card,2025-06-11
3070404,Android,Casual,11,10.7,Minnow,9.26,25,Gift Card,2025-02-23
9108904,Android,Casual,10,20.98,Minnow,13.51,27,Gift Card,2025-07-07
2706404,iOS,Casual,14,6.32,Dolphin,29.41,9,Gift Card,2025-04-26
4028504,,Casual,9,5.56,Minnow,15.95,18,Gift Card,2025-05-31
2311604,Android,Casual,11,25.06,Minnow,5.47,6,Gift Card,2025-01-06
4109404,Android,Casual,10,17.36,Minnow,1.52,1,Gift Card,2025-07-29
5458094,iOS,Casual,14,21.12,Minnow,3.02,28,Gift Card,2025-06-30
9867404,iOS,Casual,12,20.12,Minnow,0.34,8,Gift Card,2025-03-03
8309004,Android,Casual,10,18.45,Minnow,17.06,15,Gift Card,2025-02-20
3482504,iOS,Casual,14,10.16,Minnow,14.24,5,Gift Card,2025-06-20
3783194,Android,Casual,11,6.2,Minnow,16.58,4,Gift Card,2025-06-02
6706094,iOS,Casual,10,22.67,Minnow,14.78,26,Gift Card,2025-04-25
9885504,Android,Casual,8,24.6,Minnow,6.13,9,Gift Card,2025-01-13
3691704,Android,Casual,13,17.65,Minnow,19.62,29,Gift Card,2025-07-21
2312404,Android,Casual,13,18.72,Minnow,6.88,24,Gift Card,2025-03-20
5210504,Android,Casual,9,33.57,Minnow,4.27,29,Gift Card,2025-03-28
4526804,,Casual,9,14.39,Minnow,9.79,9,Gift Card,2025-03-04
4910304,Android,Casual,10,5.14,Dolphin,420.11,15,Gift Card,2025-04-09
7823504,iOS,Casual,15,17.06,Minnow,10.86,5,Gift Card,2025-05-14
3938804,Android,Casual,5,26.16,Dolphin,67.13,26,Gift Card,2025-07-07
2509194,iOS,Casual,16,7.89,Dolphin,472.8,28,Gift Card,2025-02-05
3401404,iOS,Casual,5,25.82,Dolphin,228.32,30,Gift Card,2025-02-25
5349104,iOS,Casual,3,31.85,Minnow,6.02,8,Gift Card,2025-03-06
4681404,Android,Casual,7,26.87,Minnow,8.37,13,Gift Card,2025-02-13
9563004,Android,Casual,8,29.56,Minnow,14.41,14,Gift Card,2025-02-10
4385404,iOS,Casual,19,26.92,Dolphin,455.39,20,Google Pay,2025-03-05
8807804,Android,Casual,12,23.78,Minnow,5.63,28,Google Pay,2025-04-12
6956504,Android,Casual,9,32.05,Minnow,9.71,3,Google Pay,2025-01-24
1768504,Android,Casual,5,21.01,Dolphin,356.98,18,Google Pay,2025-08-02
5664504,Android,Casual,15,30.19,Minnow,17.8,26,Google Pay,2025-06-14
5984194,Android,Casual,11,5.4,Minnow,0.68,6,Google Pay,2025-05-11
9936404,iOS,Casual,12,10.82,Minnow,7.56,7,Google Pay,2025-07-15
6323304,iOS,Casual,9,28.83,Dolphin,201.31,1,Google Pay,2025-02-07
5819194,iOS,Casual,9,7.59,Minnow,16.91,29,Google Pay,2025-01-16
2472804,iOS,Casual,8,20.36,Minnow,15.85,12,Google Pay,2025-08-09
6554804,Android,Casual,12,25.16,Minnow,4.51,7,Google Pay,2025-06-28
2455404,Android,Casual,4,34.29,Minnow,3.64,16,Google Pay,2025-04-22
9226304,iOS,Casual,10,6.92,Minnow,3.34,22,Google Pay,2025-02-01
6118704,iOS,Casual,14,16.96,Minnow,15.8,8,Google Pay,2025-02-04
4141794,Android,Casual,8,28.01,Minnow,1.01,29,Google Pay,2025-06-30
5993504,Android,Casual,12,30.2,Minnow,10.04,10,Google Pay,2025-04-20
6094804,Android,Casual,9,30.77,Minnow,3.43,12,Google Pay,2025-03-23
2266194,Android,Casual,12,21.5,Minnow,17.31,5,Google Pay,2025-08-05
9721704,Android,Casual,11,24.59,Minnow,9.97,15,Google Pay,2025-03-21
2232094,iOS,Casual,12,11.08,Minnow,9.9,2,Google Pay,2025-05-18
3763904,iOS,Casual,16,24.87,Minnow,12.53,14,Google Pay,2025-03-10
3497004,iOS,Casual,6,20.55,Minnow,8.23,5,Google Pay,2025-04-10
8185704,Android,Casual,8,19.21,Minnow,0.07,12,Google Pay,2025-04-15
2696704,Android,Casual,9,29.34,Dolphin,351.17,15,Google Pay,2025-06-11
2401404,Android,Casual,11,10.26,Minnow,3.23,30,Google Pay,2025-03-02
2115804,iOS,Casual,12,17.76,Minnow,5.91,16,Google Pay,2025-05-19
6001604,Android,Casual,10,30.52,Minnow,4.52,19,Google Pay,2025-07-28
6293894,Android,Casual,10,11.01,Minnow,3.4,6,Google Pay,2025-04-10
8559894,Android,Casual,11,30.15,Minnow,19.58,2,Paypal,2025-04-26
8351904,Android,Casual,4,15.43,Minnow,0.05,13,Paypal,2025-07-12
5722304,iOS,Casual,10,5.27,Minnow,11.38,3,Paypal,2025-08-06
9862894,Android,Casual,8,5.24,Minnow,12.17,9,Paypal,2025-05-10
6642604,Android,Casual,9,19.31,Minnow,14.71,21,Paypal,2025-08-13
4916194,Android,Casual,7,31.54,Minnow,20,27,Paypal,2025-04-14
2704404,Android,Casual,9,19.6,Minnow,0.3,12,Paypal,2025-05-20